{
  "num_samples": 100,
  "rouge_scores": {
    "rouge1": 0.4041193736338691,
    "rouge2": 0.13320528740904705,
    "rougeL": 0.19454787999597223
  },
  "bert_scores": {
    "bert_precision": 0.8318246603012085,
    "bert_recall": 0.8221332430839539,
    "bert_f1": 0.8268603682518005
  }
}