{
  "num_samples": 100,
  "rouge_scores": {
    "rouge1": 0.26911514074470255,
    "rouge2": 0.05720360375175121,
    "rougeL": 0.1616580177099161
  },
  "bert_scores": {
    "bert_precision": 0.7957685589790344,
    "bert_recall": 0.7953227162361145,
    "bert_f1": 0.7954079508781433
  }
}